{"cameraMode":{"drawMode":0,"name":"Shaded","section":"Shading Mode"},"sceneLighting":false,"audioPlay":false,"sceneViewState":{"showFog":true,"showMaterialUpdate":false,"showSkybox":true,"showFlares":true,"showImageEffects":true,"showParticleSystems":true},"in2DMode":false,"pivot":{"x":-14.8100004196167,"y":13.369999885559082,"z":9.640000343322754},"rotation":{"x":-0.1398838758468628,"y":0.721966564655304,"z":-0.15298348665237428,"w":-0.6601461172103882},"size":2.6069998741149904,"orthographic":false}